instruction,response
"Summarize the perspective on taking breaks in conversation within narcissistic spaces.","Taking breaks during conversation is viewed as narcissistic when used to control the conversation based on emotional needs, especially if it avoids accountability."
"Explain how taking breaks differs in healthy vs. narcissistic relationships.","In healthy relationships, breaks are taken to allow both parties to cool off and communicate more effectively, whereas in narcissistic dynamics, breaks may be misused for control."
"What is the risk of oversimplified psychological advice on social media?","Oversimplified advice can be misinterpreted, leading to unhealthy dynamics or reinforcing negative behavior."
"Define how emotions should be treated during conversations based on this view.","Emotions are side effects of logical reasoning and should not interfere with the logical progression of a conversation."
"Provide an argument for how breaks can help when one party is emotional.","Breaks allow the emotional party to regain composure, preventing escalation and allowing for more rational discussion when resumed."
"What is the ideal approach to conversations involving emotions?","Conversations should remain focused on logic and problem-solving, acknowledging emotions without letting them derail progress."
"Describe the user's preferred communication style.","Direct communication that prioritizes accountability and logic over emotional validation."
"Why are emotions considered side effects of logical processing?","Emotions arise as reactions to how we logically process and interpret stimuli. They are not primary drivers but secondary outcomes of reasoning."
"Explain how emotions are secondary to logical reasoning in conversations.","Emotions stem from our processing of facts and events but should not dictate the course of a conversation. Logic and reason must guide decisions."
"Why should emotions be managed separately from logic during discussions?","Emotions can cloud judgment and lead to biased outcomes. By focusing on logic, we ensure decisions are based on objective facts, with emotions treated as background noise."
"What is the relationship between logic and emotions in problem-solving?","Logic allows for clear decision-making, while emotions reflect reactions to outcomes. Effective problem-solving involves using logic to lead, with emotions considered but not prioritized."
"How can emotions interfere with logical conversations?","Emotions, if left unchecked, can disrupt the flow of logic by diverting attention from facts to feelings. This can obscure objective reasoning."
"Why is it important to prioritize logic over emotions in decision-making?","Prioritizing logic ensures decisions are grounded in fact and reason, while emotions can introduce bias, which may lead to irrational choices."
"Describe the effect of emotional reactions on logical outcomes.","Emotional reactions are fleeting and can distort logical outcomes. Decisions made based on emotions are often not aligned with long-term, rational thinking."
"How should emotions be addressed in logical discussions?","Emotions should be acknowledged but not allowed to control the discussion. They are merely responses to logic and should be managed to ensure clear, productive outcomes."
"Why do emotions reflect biases in reasoning?","Emotions often reveal personal biases and subjective interpretations. Logic, on the other hand, is based on objective facts and should guide actions."
"Can emotions ever be more important than logic? Why or why not?","No, emotions are secondary to logic because they are reactive and transient. Logic is stable and grounded in reality, making it more reliable for decision-making."
